{"model": "LAION aesthetic predictor v1 (sa_0_4) on CLIP ViT-B/32 image embeddings", "embedding_dim": 512, "weight": [1.2080795764923096, -0.15948191285133362, -0.2843078374862671, -1.410707950592041, -1.7866798639297485, -1.692825436592102, -0.4762136936187744, -1.7071980237960815, -1.348222255706787, -0.8320450186729431, -0.5744261145591736, -3.0606272220611572, -1.4538013935089111, 0.1265885829925537, 1.8164093494415283, -0.3989282250404358, 2.765871047973633, 0.4954321086406708, -0.17815445363521576, -1.2861804962158203, -2.093822479248047, -0.34523266553878784, 0.9408207535743713, 2.2588562965393066, -0.16107146441936493, 0.15005488693714142, -0.6698266863822937, 0.23819981515407562, 1.6653426885604858, -0.26590627431869507, -1.4978151321411133, -1.117974877357483, 0.1989995241165161, 0.7788857221603394, 1.6978094577789307, 1.831479549407959, -0.325510174036026, -0.5671555995941162, 1.4468179941177368, 2.444330930709839, -0.7956639528274536, -0.959011971950531, 0.5758137106895447, 0.15424220263957977, 0.6238239407539368, -1.4763565063476562, -1.9169999361038208, -0.11574456840753555, -0.3928036391735077, 1.3570077419281006, -1.7916127443313599, -1.2251063585281372, 0.027498245239257812, 1.0392301082611084, -0.9475325345993042, -1.1839032173156738, -0.43479835987091064, 1.167022466659546, -0.7563782930374146, -0.2537311017513275, -0.7080212235450745, 2.4466428756713867, -0.24075357615947723, -0.20050197839736938, -0.099127858877182, -0.24990074336528778, 0.40068554878234863, 1.6816060543060303, -0.9068902730941772, -0.4328807592391968, 0.4786634147167206, 0.9697455763816833, -3.1971850395202637, -3.2347278594970703, -1.3708503246307373, 0.9593908190727234, 1.9930459260940552, 0.7974302172660828, -0.8757188320159912, -0.7339513897895813, -0.39785000681877136, -1.2074028253555298, 0.9556652307510376, 0.07891673594713211, -0.048555318266153336, -1.0677189826965332, -1.0894747972488403, 1.0945318937301636, 1.18716299533844, -0.5711398124694824, -0.6056689620018005, 0.5976302027702332, -2.9898667335510254, -2.3173372745513916, -0.9169044494628906, -1.8272358179092407, -1.1915901899337769, 3.275860071182251, 0.72115558385849, -0.9210166931152344, 1.9307191371917725, 0.962154746055603, -0.3458141088485718, -1.6881451606750488, 0.4771409034729004, -1.648950219154358, 1.9950954914093018, 0.41000211238861084, 0.7676483392715454, -0.006353067234158516, 0.5030646324157715, -3.1818854808807373, -0.8123683333396912, -0.24852067232131958, 0.8696876764297485, -1.1216132640838623, 2.2491769790649414, -1.584254503250122, 0.8679115176200867, -0.4629099369049072, 1.2066144943237305, 2.1497440338134766, 0.35794851183891296, 1.165860652923584, 0.5873813033103943, 0.4102974236011505, 2.040376901626587, 0.9087729454040527, 0.048661764711141586, 0.46486425399780273, -0.8140925765037537, 0.8711116909980774, -1.019470453262329, -0.6036761999130249, -0.6346209049224854, -0.7044110894203186, -0.49080878496170044, 1.019644021987915, 0.80998694896698, -0.8166482448577881, -0.6498345136642456, -1.392282485961914, 1.2273147106170654, 1.0631622076034546, -1.43240225315094, -1.0783888101577759, 0.3933269679546356, 0.7088688015937805, 2.3724420070648193, 0.49835193157196045, 0.7876796126365662, 0.29000720381736755, 0.15127402544021606, 0.1845186948776245, 1.368653655052185, 0.0036733646411448717, 0.2674279808998108, -0.8721704483032227, 2.1123733520507812, 0.3915328085422516, -0.016263408586382866, 0.24058985710144043, 0.7437645196914673, 0.7794206142425537, 0.5045127272605896, -1.1378037929534912, 2.8516294956207275, -0.37743979692459106, -0.24084512889385223, -1.0845634937286377, -0.19346202909946442, 0.2243463099002838, 1.754215121269226, -0.36257612705230713, 1.0077425241470337, -0.6208697557449341, -1.6991544961929321, -1.2640280723571777, 2.9685306549072266, -0.2664536237716675, 1.5559704303741455, -1.3890959024429321, 1.6551032066345215, -1.233278512954712, -1.060849905014038, -0.6092697978019714, 1.0208570957183838, 0.5066123008728027, -1.3611944913864136, -0.9414688944816589, 0.4769890010356903, 0.04314551129937172, -1.5087144374847412, -0.32726505398750305, 0.9296847581863403, -1.5790367126464844, 1.1236677169799805, -1.5964146852493286, 0.2539920508861542, -1.3838750123977661, -0.1041141077876091, 0.09691959619522095, 0.7891161441802979, -0.908574104309082, -0.8158559203147888, -1.0214557647705078, 0.5614989399909973, -0.5008934736251831, -1.4218560457229614, -0.5759456157684326, -0.12298697233200073, -0.63764488697052, -0.9774596095085144, -1.150206208229065, 0.12563878297805786, 2.02656626701355, 1.3754663467407227, 1.017224907875061, 0.7433915138244629, 1.6379896402359009, -0.9016279578208923, 0.33136114478111267, 0.24984242022037506, -0.598817765712738, -0.7567797303199768, 0.837028443813324, -1.2293440103530884, -0.847435474395752, 0.9657279253005981, -0.40178847312927246, 0.26416242122650146, -1.109107255935669, -1.1966668367385864, 0.8642285466194153, 0.4560045897960663, 1.1012163162231445, 1.3952624797821045, -0.4897127151489258, 0.027165008708834648, -0.20164640247821808, -1.2301801443099976, -1.9657471179962158, 1.3709280490875244, -1.4415614604949951, 0.12142883241176605, -0.2758217751979828, 2.008618116378784, -3.1904616355895996, -0.5919163823127747, -1.8890711069107056, -0.04004160687327385, 1.6895806789398193, -1.737741231918335, 0.5534120202064514, -1.075011134147644, -0.030755190178751945, -1.9000604152679443, 2.0874416828155518, 0.7359035611152649, -0.1708117574453354, -1.2986178398132324, -0.05402287095785141, 0.590773344039917, -0.35401105880737305, -1.300938367843628, -0.40896856784820557, -0.4058001935482025, 0.48882201313972473, 0.7516785860061646, -0.11529412120580673, -1.7078375816345215, -0.24344420433044434, -0.3038460314273834, -0.022055938839912415, -0.22169017791748047, 0.8831700086593628, -1.0233651399612427, 1.8777620792388916, 1.1115351915359497, -0.5008339285850525, 0.9640984535217285, -0.449720174074173, 2.0705692768096924, -1.3406003713607788, -0.7658198475837708, -0.35179340839385986, -0.6416406631469727, 0.4879300594329834, -0.38543662428855896, 1.2242544889450073, 0.29513224959373474, -1.4045995473861694, 2.199751615524292, -1.7011947631835938, -2.3842968940734863, -0.7763018608093262, 1.1544859409332275, -1.9008435010910034, -1.3749666213989258, 1.2269691228866577, -1.762962818145752, 1.56190025806427, -0.36631572246551514, -1.2849671840667725, -0.9098801612854004, 1.070003867149353, -0.15766331553459167, 2.725804328918457, 1.7021301984786987, -0.4040434956550598, -2.611140727996826, 0.20428746938705444, -0.6064004898071289, 0.15143154561519623, -0.7629197835922241, -0.22919154167175293, 0.6737169623374939, 0.9222536087036133, 0.019337236881256104, 0.64127117395401, 0.5919902324676514, -0.4027545750141144, -0.0115855373442173, -0.8409290313720703, 1.6435009241104126, 1.1788896322250366, 0.051054954528808594, 1.621529221534729, -0.33361950516700745, -0.6163319945335388, 0.3955676555633545, -1.2146469354629517, -1.482125997543335, 0.29123812913894653, 0.9398629069328308, -0.818300724029541, -0.19072014093399048, -1.3984676599502563, 0.33055442571640015, 1.0378594398498535, -0.5840533375740051, 0.4258240759372711, 0.1066005602478981, 2.0972275733947754, -0.23611044883728027, 0.9628122448921204, -1.7969481945037842, 1.7791999578475952, -0.978191077709198, -0.4397224485874176, -2.1533474922180176, 1.0173289775848389, -0.062013499438762665, 0.8543709516525269, 1.2528551816940308, 1.9983302354812622, -0.37000927329063416, -0.729874312877655, 1.2968546152114868, 0.742676317691803, -1.4815590381622314, -0.3196418583393097, -1.644007921218872, 0.6972071528434753, 1.4513649940490723, -0.2097661942243576, -1.158206582069397, -0.5437358617782593, 1.0700774192810059, -0.33231019973754883, -3.091204881668091, -1.2335212230682373, 2.5216562747955322, 1.0034829378128052, -0.1940075308084488, -0.053976915776729584, 1.752265214920044, -0.5538732409477234, 4.752376556396484, 0.34484198689460754, 0.6827155947685242, 0.482541024684906, 